,,,,,,,,,,
Player,Rank,Pos Rank,CER,%Drafted,Preseason,All Drafts,Last 7 Days,Preseason üíé,All Drafts üíé,Last 7 Days üíé
"Ronald Acu√±a
ATL - OF",1,OF1,1,100%,1.1,1.1,1.2,1.1,1.1,1.2
"Bobby Witt
KC - SS",2,SS1,2.4,100%,2.9,2.9,3,3,3,3.1
"Julio Rodr√≠guez
SEA - OF",3,OF2,3.6,100%,3.8,3.8,3.8,3.8,3.8,3.8
"Corbin Carroll
AZ - OF",4,OF3,5.8,100%,5.1,5.1,5.3,5.3,5.3,5.5
"Mookie Betts
LAD - 2B,SS,OF",5,2B1,6.6,100%,4.5,4.5,4.3,4.5,4.5,4.4
"Kyle Tucker
HOU - OF",6,OF5,7,100%,8.4,8.4,8.5,8.7,8.7,8.9
"Freddie Freeman
LAD - 1B",7,1B1,7.8,100%,6.8,6.8,6.6,7,7,6.8
"Fernando Tatis
SD - OF",8,OF6,7.6,100%,10.1,10.1,10.1,10.2,10.2,10.1
"Aaron Judge
NYY - OF",9,OF7,8,100%,8.5,8.5,8.8,8.7,8.7,9.2
"Spencer Strider
ATL - SP",10,SP1,10.2,100%,10.2,10.2,10.3,10.2,10.2,10.5
"Juan Soto
NYY - OF",11,OF8,13.6,100%,11.1,11.1,10.5,11,11,10.4
"Trea Turner
PHI - SS",12,SS3,12,100%,13.4,13.4,13.2,13.3,13.3,13.3
"Shohei Ohtani (Batter)
LAD - Util",13,Util12,11.8,100%,12.2,12.2,11.7,12.8,12.8,12.7
"Matt Olson
ATL - 1B",14,1B2,15,100%,13.8,13.8,13.8,13.8,13.8,14
"Yordan Alvarez
HOU - OF",15,OF9,14.8,100%,17.4,17.4,17.4,17.4,17.4,17.5
"Jos√© Ram√≠rez
CLE - 3B",16,3B1,14.6,100%,16.4,16.4,16.7,16.5,16.5,16.7
"Austin Riley
ATL - 3B",17,3B2,18.8,100%,18.4,18.4,18.3,18.3,18.3,18.5
"Gerrit Cole
NYY - SP",18,SP2,27.2,100%,14.9,14.9,15.3,15.9,15.9,15.5
"Rafael Devers
BOS - 3B",19,3B3,20.6,100%,22.5,22.5,22.4,22.8,22.8,22.8
"Bryce Harper
PHI - 1B",20,1B3,17.8,100%,17.9,17.9,17.4,18.2,18.2,17.7
"Ozzie Albies
ATL - 2B",21,2B2,21.6,100%,23.4,23.4,22.9,23.1,23.1,22.5
"Pete Alonso
NYM - 1B",22,1B4,23.8,100%,22.8,22.8,22.4,22.8,22.8,22.6
"Corbin Burnes
BAL - SP",23,SP3,27,100%,22,22,22,22.1,22.1,22
"Francisco Lindor
NYM - SS",24,SS4,22.4,100%,28,28,26.7,28.1,28.1,27
"Marcus Semien
TEX - 2B",25,2B3,26.2,100%,24.1,24.1,25.6,24.6,24.6,25.5
"Luis Robert
CWS - OF",26,OF10,29.4,100%,30.4,30.4,30.1,31.1,31.1,30.7
"Vladimir Guerrero
TOR - 1B",27,1B5,27.6,100%,26.1,26.1,27,26.4,26.4,27.4
"Zack Wheeler
PHI - SP",28,SP4,30.8,100%,28.8,28.8,27.5,29.1,29.1,28.1
"Jose Altuve
HOU - 2B",29,2B4,36.8,100%,33.1,33.1,32.2,33.4,33.4,32.8
"Michael Harris
ATL - OF",30,OF11,27.4,100%,34.3,34.3,34.5,34.3,34.3,34.8
"Gunnar Henderson
BAL - 3B,SS",31,3B4,37.2,100%,35.4,35.4,33.3,35.1,35.1,33.4
"Adolis Garc√≠a
TEX - OF",32,OF12,33.6,100%,36.7,36.7,35,36.1,36.1,34.6
"Bo Bichette
TOR - SS",33,SS6,34.4,100%,34.9,34.9,35.1,34.8,34.8,35.5
"Corey Seager
TEX - SS",34,SS7,35.6,100%,31.3,31.3,33.5,31.6,31.6,33.7
"Randy Arozarena
TB - OF",35,OF13,32.8,100%,38.7,38.7,41.1,39.3,39.3,40.9
"Luis Castillo
SEA - SP",36,SP5,38.6,100%,39.6,39.6,38.1,39.6,39.6,38.1
"CJ Abrams
WSH - SS",37,SS8,39.4,100%,45.4,45.4,46.2,45.7,45.7,46
"Kevin Gausman
TOR - SP",38,SP6,41,100%,34.5,34.5,36.2,34.5,34.5,36.6
"Elly De La Cruz
CIN - 3B,SS",39,3B5,41.2,100%,33.9,33.9,31.9,33.8,33.8,33
"Yoshinobu Yamamoto
LAD - SP",40,SP7,40,100%,35.2,35.2,33.2,36.6,36.6,34.4
"Pablo L√≥pez
MIN - SP",41,SP8,43,100%,45.9,45.9,45.1,45.9,45.9,44.9
"Tyler Glasnow
LAD - SP",42,SP9,56.2,100%,43.7,43.7,42.8,43.2,43.2,42.6
"George Kirby
SEA - SP",43,SP10,48.2,100%,49.1,49.1,46.3,49.2,49.2,46
"Logan Webb
SF - SP",44,SP11,52,100%,55.7,55.7,51.1,57.2,57.2,52.2
"Manny Machado
SD - 3B",45,3B6,42.6,100%,49.8,49.8,46.6,49.6,49.6,47.3
"Zac Gallen
AZ - SP",46,SP12,51.4,100%,45.7,45.7,46.2,46.4,46.4,46.7
"Adley Rutschman
BAL - C",47,C1,77.4,100%,42.8,42.8,43,44.7,44.7,43.4
"Freddy Peralta
MIL - SP",48,SP13,66.6,100%,59.2,59.2,57.7,59.5,59.5,58.8
"Tarik Skubal
DET - SP",49,SP14,77.2,100%,54.3,54.3,54.5,54.3,54.3,53.5
"Max Fried
ATL - SP",50,SP15,55.6,100%,47,47,51.7,47.6,47.6,51.5
"Aaron Nola
PHI - SP",51,SP16,52.6,100%,51.2,51.2,52.6,51.6,51.6,53.7
"Cody Bellinger
CHC - 1B,OF",52,1B6,55.2,100%,55.2,55.2,53.9,55.6,55.6,54.4
"Jazz Chisholm
MIA - OF",53,OF15,51.4,100%,62.5,62.5,59.7,62.4,62.4,59.5
"Royce Lewis
MIN - 3B",54,3B7,60.2,100%,62.5,62.5,54.3,61.1,61.1,52.1
"Christian Yelich
MIL - OF",55,OF16,71.4,100%,68.2,68.2,66.9,69.3,69.3,69
"Paul Goldschmidt
STL - 1B",56,1B7,59,100%,52.8,52.8,56.1,53,53,56.2
"Grayson Rodriguez
BAL - SP",57,SP17,88.4,100%,71.1,71.1,68.4,72,72,68.7
"Devin Williams
MIL - P",58,P18,62,100%,45,45,45.8,46.7,46.7,47.3
"Framber Valdez
HOU - SP",59,SP18,55.2,100%,61.5,61.5,60.5,61.9,61.9,60.9
"Mike Trout
LAA - OF",60,OF17,61.6,100%,49.8,49.8,50,50.1,50.1,50.4
"Edwin D√≠az
NYM - P",61,P20,55.2,100%,62.1,62.1,59.7,62.1,62.1,59.7
"Josh Hader
HOU - P",62,P21,60,100%,53.9,53.9,53.1,54.6,54.6,54
"Zach Eflin
TB - SP",63,SP19,84.6,100%,75,75,72.3,75.7,75.7,72.5
"Nolan Jones
COL - 1B,OF",64,1B8,59.2,100%,57.2,57.2,65.2,57.6,57.6,63.5
"Nico Hoerner
CHC - 2B,SS",65,2B5,96,100%,66,66,64.5,66,66,65
"Jhoan Duran
MIN - P",66,P23,63.4,100%,73,73,70.6,72.3,72.3,69.7
"Logan Gilbert
SEA - SP",67,SP20,90.2,100%,79.1,79.1,77.4,78.8,78.8,77.2
"Eury P√©rez
MIA - SP",68,SP21,95.4,100%,80.6,80.6,76.9,80.3,80.3,76.7
"Matt McLain
CIN - 2B,SS",69,2B6,63.6,100%,58.7,58.7,65.6,57.5,57.5,64.1
"Bobby Miller
LAD - SP",70,SP22,93.4,100%,80.8,80.8,77.8,80.2,80.2,77.8
"Alex Bregman
HOU - 3B",71,3B8,79,100%,76,76,73.2,76.2,76.2,73.5
"Emmanuel Clase
CLE - P",72,P27,63,100%,59.5,59.5,63.1,60.5,60.5,63
"J.T. Realmuto
PHI - C",73,C2,74,100%,68.7,68.7,69,69.3,69.3,68.7
"Camilo Doval
SF - P",74,P28,82.4,100%,79.7,79.7,77.9,78.7,78.7,76.8
"Gleyber Torres
NYY - 2B",75,2B7,94.2,100%,95.2,95.2,88,96,96,88.6
"Oneil Cruz
PIT - SS",76,SS12,61.6,100%,73.1,73.1,72.9,73,73,72.2
"Will Smith
LAD - C",77,C3,116,100%,78.5,78.5,77.5,79.2,79.2,78
"Blake Snell
SD - SP",78,SP23,76,100%,73.1,73.1,80.5,74.1,74.1,80.4
"Ha-Seong Kim
SD - 2B,3B,SS",79,2B8,108,100%,83.2,83.2,83.9,83.7,83.7,84.2
"Kyle Schwarber
PHI - OF",80,OF19,69.6,100%,66.5,66.5,68.8,67.2,67.2,71.4
"Christian Walker
AZ - 1B",81,1B9,73.4,100%,83.1,83.1,86.4,83.2,83.2,85.9
"Raisel Iglesias
ATL - P",82,P30,89.8,100%,83.8,83.8,83.2,83.1,83.1,82.4
"Triston Casas
BOS - 1B",83,1B10,101.4,100%,98.8,98.8,97.3,99.3,99.3,96.6
"Josh Lowe
TB - OF",84,OF20,76,100%,79.9,79.9,88.4,79.6,79.6,87.9
"Joe Ryan
MIN - SP",85,SP24,102,100%,93.2,93.2,95.1,94.7,94.7,95.3
"Jordan Romano
TOR - P",86,P32,78,100%,77.4,77.4,78.3,77,77,78.4
"Xander Bogaerts
SD - SS",87,SS14,85.2,100%,93,93,91.3,93,93,92
"Jes√∫s Luzardo
MIA - SP",88,SP25,102.4,100%,96.4,96.4,92,94.9,94.9,91.6
"Nolan Arenado
STL - 3B",89,3B10,72.6,100%,79.1,79.1,76,81.3,81.3,79
"Nick Castellanos
PHI - OF",90,OF21,78,100%,90.1,90.1,89.7,90.8,90.8,90.8
"William Contreras
MIL - C",91,C4,116.6,100%,91.7,91.7,93,92,92,93.7
"Cole Ragans
KC - SP",92,SP26,138.2,100%,112.4,112.4,99.2,107.6,107.6,95.6
"Justin Steele
CHC - SP",93,SP27,101.8,100%,101.8,101.8,97.7,101.9,101.9,98.8
"Paul Sewald
AZ - P",94,P36,89.6,100%,96.6,96.6,95.6,97,97,95.5
"Josh Jung
TEX - 3B",95,3B11,116.4,100%,103.2,103.2,108.6,104,104,108.6
"Dansby Swanson
CHC - SS",96,SS15,84.8,100%,103.6,103.6,101.2,104.7,104.7,102.6
"Alexis D√≠az
CIN - P",97,P37,97.6,100%,91.7,91.7,89.7,93.8,93.8,91.1
"Spencer Torkelson
DET - 1B",98,1B11,120.8,100%,116.5,116.5,114.8,119,119,118.1
"Bryan Reynolds
PIT - OF",99,OF22,87.6,100%,100.7,100.7,102.1,101.2,101.2,102
"Joe Musgrove
SD - SP",100,SP28,126.6,100%,110.9,110.9,110.9,111,111,111.7
"Dylan Cease
CWS - SP",101,SP29,98.4,100%,101,101,103.6,102.3,102.3,105.5
"Lane Thomas
WSH - OF",102,OF23,124.6,100%,116.3,116.3,112.3,116.4,116.4,112
"Teoscar Hern√°ndez
LAD - OF",103,OF24,100.8,100%,109,109,109.4,109.8,109.8,109.7
"Ryan Helsley
STL - P",104,P40,100.8,100%,108.3,108.3,107.7,107.7,107.7,106.4
"George Springer
TOR - OF",105,OF25,106.8,100%,110,110,112.3,110.6,110.6,113.8
"Andr√©s Mu√±oz
SEA - P",106,P41,167.8,100%,127,127,113.2,123.2,123.2,112.1
"Bryson Stott
PHI - 2B",107,2B9,125.4,100%,125,125,118,125.7,125.7,117.9
"Tanner Bibee
CLE - SP",108,SP30,106.8,100%,95.3,95.3,91.5,100.1,100.1,96.6
"Evan Carter
TEX - OF",109,OF26,87.2,100%,104,104,102.8,103.3,103.3,102
"Ketel Marte
AZ - 2B",110,2B10,127.2,100%,120.1,120.1,118.7,120.8,120.8,121
"Andr√©s Gim√©nez
CLE - 2B",111,2B11,112.8,100%,134.4,134.4,134.9,136.6,136.6,136.8
"Chris Sale
ATL - SP",112,SP31,187.8,100%,140.1,140.1,126.5,138.4,138.4,127.4
"Spencer Steer
CIN - 1B,2B,3B,OF",113,1B12,108.4,100%,90.5,90.5,90.9,91.4,91.4,91.3
"Christian Encarnacion-Strand
CIN - 1B",114,1B13,123,100%,136.8,136.8,135.7,138.4,138.4,136
"Evan Phillips
LAD - P",115,P44,129.2,100%,103.2,103.2,103.7,105.4,105.4,105.1
"Seiya Suzuki
CHC - OF",116,OF28,122.6,100%,124.3,124.3,124.7,126.5,126.5,125.6
"Yandy D√≠az
TB - 1B,3B",117,3B13,138.2,100%,112.6,112.6,113.4,114.1,114.1,116.4
"Jordan Walker
STL - OF",118,OF29,121.2,100%,121.8,121.8,124.9,122.6,122.6,124.3
"Josh Naylor
CLE - 1B",119,1B15,97.4,100%,132.4,132.4,132,135,135,134.3
"Clay Holmes
NYY - P",120,P45,137,100%,131.1,131.1,127.7,130.3,130.3,128
"TJ Friedl
CIN - OF",121,OF30,142.4,100%,139.2,139.2,139.6,140.8,140.8,141.8
"Sonny Gray
STL - SP",122,SP32,126,100%,119.3,119.3,125.1,120.7,120.7,125.4
"David Bednar
PIT - P",123,P47,113.6,100%,92,92,98.5,92.3,92.3,97.6
"Cedric Mullins
BAL - OF",124,OF31,112.6,100%,132.7,132.7,136.8,133.2,133.2,137.3
"Anthony Volpe
NYY - SS",125,SS16,113,100%,126.9,126.9,124.1,128.6,128.6,124.8
"Shane Bieber
CLE - SP",126,SP33,138.2,100%,132.8,132.8,126.7,133.3,133.3,127.7
"Chris Bassitt
TOR - SP",127,SP34,107.6,100%,119.2,119.2,117.7,121.2,121.2,118.9
"Michael King
SD - SP",128,SP35,135.6,100%,136.7,136.7,124.7,136.4,136.4,123.3
"Pete Fairbanks
TB - P",129,P51,133.6,100%,126.1,126.1,123,125.2,125.2,121.6
"Esteury Ruiz
OAK - OF",130,OF32,118.4,100%,130,130,126.5,131.3,131.3,128.6
"Wyatt Langford
TEX - OF",131,OF33,132,97%,211,211,182.4,201,201,175.6
"Marcell Ozuna
ATL - OF",132,OF34,144.8,100%,140.1,140.1,135.3,143.4,143.4,139.4
"Ian Happ
CHC - OF",133,OF35,136,100%,166.8,166.8,173.2,173.1,173.1,179.5
"Anthony Santander
BAL - 1B,OF",134,1B16,131.8,100%,132.4,132.4,133.1,134.6,134.6,133.5
"Jorge Soler
SF - OF",135,OF37,164,100%,150.6,150.6,151.7,155.5,155.5,155.6
"Luis Arraez
MIA - 1B,2B",136,2B13,164.8,100%,123.2,123.2,121.6,128.3,128.3,128.1
"Jackson Chourio
MIL - OF",137,OF38,136.4,100%,154.9,154.9,149.2,153.1,153.1,148.7
"Hunter Greene
CIN - SP",138,SP36,157,100%,139.1,139.1,138.5,138.8,138.8,139.1
"Zack Gelof
OAK - 2B",139,2B14,137.2,100%,139.1,139.1,139.7,139.6,139.6,140.4
"James Outman
LAD - OF",140,OF39,129.2,100%,151.3,151.3,149.1,153.2,153.2,150.3
"Riley Greene
DET - OF",141,OF40,164.4,100%,149.9,149.9,150.9,153.4,153.4,152.8
"Alec Bohm
PHI - 1B,3B",142,3B14,137.8,100%,151,151,151.3,153.8,153.8,151.8
"Yainer Diaz
HOU - C,1B",143,C5,140.4,100%,119,119,116,121.3,121.3,120
"Vinnie Pasquantino
KC - 1B",144,1B20,131.6,100%,168.8,168.8,174.6,172.8,172.8,174.7
"Thairo Estrada
SF - 2B,SS",145,2B15,143.4,100%,155.5,155.5,153.9,156.7,156.7,154.3
"Sean Murphy
ATL - C",146,C6,209.6,100%,144.7,144.7,148.1,146.8,146.8,148.6
"Bailey Ober
MIN - SP",147,SP37,175,100%,167.9,167.9,152.8,165.4,165.4,150.8
"Cal Raleigh
SEA - C",148,C7,198.8,100%,148.3,148.3,152.6,151.9,151.9,159.8
"Rhys Hoskins
MIL - 1B",149,1B21,208.4,100%,192.9,192.9,190.8,190.1,190.1,189.1
"Kenley Jansen
BOS - P",150,P54,161.6,100%,148.9,148.9,154.4,147.9,147.9,153.8
"Chas McCormick
HOU - OF",151,OF41,149.6,100%,174.5,174.5,172.9,174.7,174.7,173.6
"Jordan Montgomery
STL - SP",152,SP38,140.8,100%,164,164,161.5,163.7,163.7,161.4
"Max Muncy
LAD - 3B",153,3B15,152.6,100%,145.2,145.2,144.9,147.4,147.4,148.3
"Salvador Perez
KC - C,1B",154,C8,137.4,100%,131.1,131.1,134,132.1,132.1,136.3
"Francisco Alvarez
NYM - C",155,C9,193,100%,164.7,164.7,167.4,168,168,168.7
"Masataka Yoshida
BOS - OF",156,OF42,129.8,100%,139.1,139.1,141.6,144,144,148.1
"Ezequiel Tovar
COL - SS",157,SS18,159.2,100%,192.9,192.9,189.6,192.8,192.8,187.9
"Carlos Rod√≥n
NYY - SP",158,SP39,204,100%,168,168,163.2,167.6,167.6,161.9
"Willson Contreras
STL - C",159,C10,186.4,100%,169.6,169.6,170.7,174.2,174.2,171.6
"Nathaniel Lowe
TEX - 1B",160,1B23,160.4,100%,182.9,182.9,192.9,184.9,184.9,195.4
"Merrill Kelly
AZ - SP",161,SP40,146.6,100%,149,149,144.9,149.9,149.9,146.5
"Tanner Scott
MIA - P",162,P58,155.4,100%,155.6,155.6,153.2,152.3,152.3,151
"Jake Burger
MIA - 3B",163,3B16,153.4,100%,170.7,170.7,169.4,170.4,170.4,169.4
"Yu Darvish
SD - SP",164,SP41,165.2,100%,165.4,165.4,161.3,165.4,165.4,162.1
"Christopher Morel
CHC - 2B,OF",165,2B16,171.2,100%,183,183,171.2,183,183,173.2
"Craig Kimbrel
BAL - P",166,P60,149.4,100%,146.6,146.6,138.5,147.1,147.1,139.3
"Cristian Javier
HOU - SP",167,SP42,178.4,100%,163.4,163.4,164.8,163.3,163.3,165.5
"Justin Verlander
HOU - SP",168,SP43,183,100%,131.3,131.3,142.7,130,130,140.5
"Jonathan India
CIN - 2B",169,2B17,195,99%,203.8,203.8,210.9,202.8,202.8,210.5
"Kerry Carpenter
DET - OF",170,OF44,145.8,100%,185.6,185.6,179.2,185.7,185.7,179.1
"Bryan Woo
SEA - SP",171,SP44,195,100%,192.5,192.5,189.2,195.6,195.6,190
"Brandon Nimmo
NYM - OF",172,OF45,199.4,100%,187.7,187.7,187.2,192.6,192.6,191
"Jos√© Berr√≠os
TOR - SP",173,SP45,185.4,100%,176.9,176.9,171.7,178.1,178.1,173.4
"Nolan Gorman
STL - 2B,3B",174,3B17,147.4,100%,164,164,155.6,167.4,167.4,158.6
"Isaac Paredes
TB - 1B,2B,3B",175,3B18,178.4,100%,166.2,166.2,169,168.5,168.5,170.9
"Jonah Heim
TEX - C",176,C11,231.4,100%,189.2,189.2,195.1,190.3,190.3,195.2
"Gavin Williams
CLE - SP",177,SP46,174.8,100%,180.8,180.8,175,180.4,180.4,172.3
"Gabriel Moreno
AZ - C",178,C12,219,100%,172.6,172.6,182.3,174.3,174.3,182
"Willy Adames
MIL - SS",179,SS19,166.8,100%,194.7,194.7,190.7,196.1,196.1,193.8
"Ryan Mountcastle
BAL - 1B",180,1B25,186,99%,220.5,220.5,215.6,221,221,214
"Keibert Ruiz
WSH - C",181,C13,249.6,98%,214.2,214.2,215.4,210.5,210.5,211.1
"Jeremy Pe√±a
HOU - SS",182,SS20,211.8,97%,225.6,225.6,223.7,227.2,227.2,223.5
"Justin Turner
TOR - 1B,2B,3B",183,3B19,161,100%,176.1,176.1,167.3,184,184,175.3
"Daulton Varsho
TOR - OF",184,OF46,187.8,97%,225.2,225.2,225.1,224.1,224.1,224.1
"Ke'Bryan Hayes
PIT - 3B",185,3B20,192.2,100%,208.3,208.3,209.3,208.9,208.9,208.6
"Tyler O'Neill
BOS - OF",186,OF47,147,99%,214,214,211.7,210.8,210.8,210.4
"Mitch Keller
PIT - SP",187,SP47,168,100%,167.6,167.6,169.5,167.3,167.3,169.3
"Starling Marte
NYM - OF",188,OF48,191.8,99%,217.4,217.4,215.8,213.6,213.6,213.3
"J.D. Martinez
LAD - OF",189,OF49,145.6,99%,214.8,214.8,223,211.7,211.7,221.6
"Shota Imanaga
CHC - SP",190,SP48,189.6,99%,198.1,198.1,186.4,200.2,200.2,186.6
"Edouard Julien
MIN - 2B",191,2B21,188.6,99%,219,219,229.5,216.3,216.3,226.6
"Eloy Jim√©nez
CWS - OF",192,OF50,190,100%,194.6,194.6,195.8,194.7,194.7,195
"Hunter Brown
HOU - SP",193,SP49,188,100%,173.5,173.5,184.5,175,175,183.1
"Jarred Kelenic
ATL - OF",194,OF51,212.6,92%,238.6,238.6,239,234.5,234.5,233.2
"Mitch Garver
SEA - C",195,C14,324.6,73%,247.4,247.4,243.4,243.6,243.6,233.9
"Lars Nootbaar
STL - OF",196,OF52,265.8,94%,234.4,234.4,237.7,234.6,234.6,236.4
"Steven Kwan
CLE - OF",197,OF53,250.2,98%,218.9,218.9,225,218.8,218.8,225.8
"Logan O'Hoppe
LAA - C",198,C15,226.4,97%,223.7,223.7,218.5,221.5,221.5,215.3
"Taylor Ward
LAA - OF",199,OF54,204.4,92%,237.5,237.5,242.8,235.3,235.3,240.1
"Jeimer Candelario
CIN - 1B,3B",200,3B21,243.4,95%,237.4,237.4,241.5,235.3,235.3,238.9
"Lourdes Gurriel
AZ - OF",201,OF55,204.8,96%,227.6,227.6,228.8,228,228,231.1
"Byron Buxton
MIN - Util",202,Util134,271.6,84%,232.3,232.3,224.9,227.4,227.4,220.5
"Carlos Correa
MIN - SS",203,SS21,213,99%,209.1,209.1,215.5,210.7,210.7,216.5
"Nick Pivetta
BOS - SP",204,SP50,207.4,100%,193.3,193.3,188.5,195.2,195.2,190.4
"Jarren Duran
BOS - OF",205,OF56,171.2,92%,232.8,232.8,228.8,228,228,225.3
"Adbert Alzolay
CHC - P",206,P70,169.6,100%,145.3,145.3,142.8,146,146,144
"Jackson Holliday
BAL - SS",207,SS22,206,95%,216.4,216.4,210,212.9,212.9,211.3
"Brandon Drury
LAA - 1B,2B",208,2B22,185,98%,226.8,226.8,224.8,226.4,226.4,222.4
"Trevor Story
BOS - SS",209,SS23,199.6,92%,237.2,237.2,240.8,234.4,234.4,237.8
"Triston McKenzie
CLE - SP",210,SP51,266.6,90%,226.4,226.4,216,228.3,228.3,218.5
"Brandon Pfaadt
AZ - SP",211,SP52,184.4,100%,191.7,191.7,190.9,193,193,193.4
"Tommy Edman
STL - 2B,SS,OF",212,2B23,194.2,100%,179.8,179.8,195.4,180.9,180.9,194
"J.P. Crawford
SEA - SS",213,SS25,279.4,89%,241.2,241.2,245.9,242.4,242.4,247.9
"Walker Buehler
LAD - SP",214,SP53,203.4,100%,127.4,127.4,150.9,132.5,132.5,150.2
"Andrew Vaughn
CWS - 1B",215,1B29,237.8,79%,253.1,253.1,255.4,253,253,255.4
"Braxton Garrett
MIA - SP",216,SP54,213.3,98%,206.9,206.9,211.9,210.3,210.3,216.3
"Matt Chapman
SF - 3B",217,3B22,224.2,92%,240,240,234.7,240.6,240.6,240.1
"Noelvi Marte
CIN - 3B",218,3B23,260,98%,181.4,181.4,194.9,176.8,176.8,178.6
"Bryce Miller
SEA - SP",219,SP55,218.2,100%,200.3,200.3,189.4,203,203,192.8
"Charlie Morton
ATL - SP",220,SP56,204.8,100%,201.1,201.1,203,203.6,203.6,204.8
"Kodai Senga
NYM - SP",221,SP57,277.6,100%,123.6,123.6,174.9,120.1,120.1,174.3
"Nathan Eovaldi
TEX - SP",222,SP58,181.6,100%,180.1,180.1,181.8,184.1,184.1,185
"Jos√© Alvarado
PHI - P",223,P79,217.8,93%,194.3,194.3,186.3,196.6,196.6,184.2
"Taj Bradley
TB - SP",224,SP59,253,69%,227.3,227.3,217.3,232.3,232.3,221
"Jorge Polanco
SEA - 2B,3B",225,2B24,184.6,98%,223.7,223.7,219.9,226.6,226.6,223
"Jos√© Abreu
HOU - 1B",226,1B30,193,93%,231,231,233.1,232.1,232.1,232.9
"Brandon Lowe
TB - 2B",227,2B25,265.4,74%,252.8,252.8,256.6,252.8,252.8,254.4
"Eduardo Rodriguez
AZ - SP",228,SP60,208,100%,197.5,197.5,198.2,199.6,199.6,201.1
"Alex Lange
DET - P",229,P82,225,100%,191.2,191.2,192.6,187.4,187.4,188
"Aaron Civale
TB - SP",230,SP61,254.2,94%,226.1,226.1,223.5,229.1,229.1,226.9
"Ryan Pepiot
TB - SP",231,SP62,221.6,100%,187.7,187.7,186.1,187.4,187.4,185
"Bo Naylor
CLE - C",232,C16,272.6,79%,245.3,245.3,248.3,247.6,247.6,249.4
"Jose Siri
TB - OF",233,OF58,245,7%,250,250,254.3,257.7,257.7,264.9
"Nick Lodolo
CIN - SP",234,SP63,300,95%,212.7,212.7,211.1,219.4,219.4,217.2
"Jack Suwinski
PIT - OF",235,OF59,197.6,77%,246.8,246.8,244.5,246.2,246.2,245.2
"Alex Verdugo
NYY - OF",236,OF60,274.4,63%,244.7,244.7,247.7,247,247,249.8
"Luis Rengifo
LAA - 2B,3B,SS,OF",237,3B25,247,56%,244.1,244.1,242,246.3,246.3,244
"Josh Bell
MIA - 1B",238,1B31,214.8,54%,259,259,259.2,258.9,258.9,259.5
"Eugenio Su√°rez
AZ - 3B",239,3B26,213.8,78%,244.5,244.5,243.5,244.7,244.7,242.4
"Max Kepler
MIN - OF",240,OF62,290.6,48%,259.3,259.3,259.2,261.4,261.4,264.3
"Jos√© Leclerc
TEX - P",241,P86,232.4,100%,189.2,189.2,189,187.1,187.1,186.9
"Anthony Rizzo
NYY - 1B",242,1B32,292.4,47%,238,238,237,242.8,242.8,238.3
"Jake Fraley
CIN - OF",243,OF63,253.2,36%,257.2,257.2,259.6,256.2,256.2,261.6
"Luis Campusano
SD - C",244,C17,285.4,64%,255.8,255.8,256.5,255.7,255.7,257.6
"Junior Caminero
TB - 3B",245,3B27,261.4,69%,236.9,236.9,243.2,236.4,236.4,238.3
"Giancarlo Stanton
NYY - OF",246,OF64,245,87%,217.6,217.6,215.4,224.3,224.3,225.7
"Emmet Sheehan
LAD - SP",247,SP64,316.8,42%,248.4,248.4,248.5,249.1,249.1,249.6
"Vaughn Grissom
BOS - SS",248,SS27,226,95%,224.7,224.7,238.5,220.4,220.4,234.6
"Brent Rooker
OAK - OF",249,OF65,243,65%,249.6,249.6,249.5,249,249,250.8
"Ryan McMahon
COL - 2B,3B",250,2B27,216,67%,250,250,249.5,251.4,251.4,251
"Kyle Harrison
SF - SP",251,SP65,222.2,70%,235.3,235.3,230.2,237.8,237.8,232.7
"Tim Anderson
MIA - SS",252,SS28,311.8,43%,255,255,248.3,250.9,250.9,249.3
"Griffin Canning
LAA - SP",253,SP66,244.5,12%,251.5,251.5,249.8,256.1,256.1,256.9
"Kutter Crawford
BOS - SP",254,SP67,367.5,30%,232.5,232.5,228.7,238.1,238.1,234.5
"Luke Raley
SEA - 1B,OF",255,1B33,230.5,19%,259.1,259.1,258.8,256.3,256.3,256.8
"Cristopher S√°nchez
PHI - SP",256,SP68,291.6,44%,238.2,238.2,228.5,239.6,239.6,227.2
"Andrew Abbott
CIN - SP",257,SP69,245,91%,231,231,229.9,233.4,233.4,232
"Maikel Garcia
KC - 3B,SS",258,3B29,212.6,79%,229.6,229.6,221.7,232.4,232.4,225
"Carlos Est√©vez
LAA - P",259,P93,254.5,60%,224.2,224.2,215.1,229.9,229.9,220.4
"Nelson Vel√°zquez
KC - OF",260,OF67,245.2,3%,250,250,249.9,257.9,257.9,254
"Hunter Harvey
WSH - P",261,P94,246.5,52%,226.9,226.9,222.2,234,234,228.5
"Mason Miller
OAK - SP",262,SP70,305.3,25%,243.3,243.3,239.6,242,242,236.7
"Jung Hoo Lee
SF - OF",263,OF68,247.6,59%,226.8,226.8,224.1,234.9,234.9,230.3
"Sal Frelick
MIL - OF",264,OF69,252.4,13%,248.3,248.3,247.8,255,255,252.1
"Gavin Lux
LAD - 2B,OF",265,2B28,314.8,54%,250.4,250.4,247,248.9,248.9,246
"Johan Rojas
PHI - OF",266,OF71,177,25%,254.2,254.2,249,251.5,251.5,252.5
"Robert Suarez
SD - P",267,P96,251,78%,216.5,216.5,202.6,221.6,221.6,201.9
"Kris Bryant
COL - 1B,OF",268,1B34,305.8,36%,246.9,246.9,244.2,250.3,250.3,247.8
"Leody Taveras
TEX - OF",269,OF73,341.2,16%,261.5,261.5,258,260.4,260.4,246.6
"Austin Hays
BAL - OF",270,OF74,266.2,19%,251,251,246.1,257.4,257.4,252.9
"Ty France
SEA - 1B",271,1B35,284.8,12%,240.5,240.5,249.3,256.9,256.9,258.9
"Jordan Lawlar
AZ - SS",272,SS30,245.3,24%,261.1,261.1,259.5,260.3,260.3,257.1
"Henry Davis
PIT - OF",273,OF75,287,9%,241.6,241.6,242.8,251.4,251.4,249.1
"Kenta Maeda
DET - SP",274,SP71,256.6,41%,247.8,247.8,248.4,249.8,249.8,249.8
"Nestor Cortes
NYY - SP",275,SP72,289.8,69%,223.7,223.7,225.6,232.8,232.8,232.3
"Brayan Bello
BOS - SP",276,SP73,238.4,80%,234.6,234.6,228.4,237.8,237.8,235
"Shane Baz
TB - SP",277,SP74,356.7,73%,204.2,204.2,243.5,219.8,219.8,242.8
"Zach Neto
LAA - SS",278,SS31,330.3,3%,243.8,243.8,246,256.3,256.3,255.3
"Marcus Stroman
NYY - SP",279,SP75,251.3,75%,229.6,229.6,227.5,237.7,237.7,233.3
"Will Smith
KC - P",280,P102,289.4,79%,222.2,222.2,224.5,228,228,228.6
"MJ Melendez
KC - C,OF",281,C18,296.2,55%,243.4,243.4,230.9,244.1,244.1,236.6
"MacKenzie Gore
WSH - SP",282,SP76,265,20%,249.5,249.5,248.1,254.8,254.8,255
"Bryan De La Cruz
MIA - OF",283,OF77,277.6,4%,245.6,245.6,245.6,257.8,257.8,261.6
"Jorge L√≥pez
NYM - P",284,P104,406.7,19%,232.6,232.6,238.2,240.8,240.8,241.6
"Dylan Floro
WSH - P",285,P105,379,5%,234.3,234.3,240.4,242.2,242.2,241.3
"Brendan Donovan
STL - 1B,2B,OF",286,2B29,371.5,17%,240.7,240.7,241.8,248.4,248.4,244.8
"Shane McClanahan
TB - SP",287,SP77,-,3%,240.7,240.7,243.4,240.4,240.4,229.3
"Reid Detmers
LAA - SP",288,SP78,344,6%,247.8,247.8,244.7,253.8,253.8,253
"Louie Varland
MIN - SP",289,SP79,242.7,10%,250.5,250.5,250,258.8,258.8,257.8
"Jeff McNeil
NYM - 2B,OF",290,2B30,296,40%,243.8,243.8,241.2,247.1,247.1,244.1
"Joey Meneses
WSH - 1B",291,1B37,239,15%,251.4,251.4,253.6,257.5,257.5,259
"Alek Thomas
AZ - OF",292,OF80,329,-,-,-,-,-,-,-
"Michael Busch
CHC - 3B",293,3B30,362.5,6%,255.7,255.7,245.1,253.5,253.5,259
"Will Benson
CIN - OF",294,OF81,279,6%,244.6,244.6,244.6,253,253,248
"Sean Manaea
NYM - SP",295,SP80,308.5,10%,241.7,241.7,241,253.1,253.1,245.1
"Tyler Stephenson
CIN - C",296,C19,361.2,8%,240.4,240.4,237.4,255.5,255.5,254
"Reese Olson
DET - SP",297,SP81,289.5,6%,251.8,251.8,251.4,256.4,256.4,249.5
"Parker Meadows
DET - OF",298,OF82,262,5%,242.2,242.2,242.3,252.6,252.6,248.6
"Javier B√°ez
DET - SS",299,SS32,275.5,6%,234.9,234.9,238.3,256.3,256.3,262.4
"Yuki Matsui
SD - P",300,P111,277.5,76%,224.5,224.5,232.9,226.9,226.9,236
"Orion Kerkering
PHI - P",301,P112,397,46%,229.6,229.6,241.4,239.4,239.4,248.2
"Ryan Noda
OAK - 1B",302,1B38,257.7,-,-,-,-,-,-,-
"Tommy Pham
NYM - OF",303,OF83,261.6,2%,260.1,260.1,-,266.1,266.1,-
"Mitch Haniger
SEA - OF",304,OF84,313.6,3%,242.9,242.9,248.5,246.1,246.1,247.8
"Colt Keith
DET - 2B,3B",305,2B31,262.5,12%,237.9,237.9,240.1,252.1,252.1,254.3
"James Paxton
LAD - SP",306,SP82,345,11%,248.1,248.1,246.8,250,250,250
"Harrison Bader
NYM - OF",307,OF85,351.4,2%,240.3,240.3,250.1,242.3,242.3,247.5
"Yusei Kikuchi
TOR - SP",308,SP83,237,33%,244.4,244.4,244,248.1,248.1,248.6
"Chris Paddack
MIN - P",309,P115,367.7,4%,249.1,249.1,245.1,258.5,258.5,259.7
"Andrew Benintendi
CWS - OF",310,OF86,323.2,3%,244.9,244.9,240.1,254.8,254.8,256
"Charlie Blackmon
COL - OF",311,OF87,306.5,6%,234,234,242.5,249.2,249.2,252.3
"Ryan Pressly
HOU - P",312,P116,324.7,92%,207.6,207.6,215.4,213.4,213.4,224.3
"Lucas Giolito
BOS - SP",313,SP84,215,86%,213.2,213.2,231.2,215.4,215.4,228.3
"Edward Cabrera
MIA - SP",314,SP85,278.3,23%,246.9,246.9,243.9,250.9,250.9,247.9
"Robert Stephenson
LAA - P",315,P119,320,92%,211.6,211.6,216.5,212.1,212.1,223.3
"DJ LeMahieu
NYY - 1B,2B,3B",316,3B32,343.8,30%,231.1,231.1,233.7,244.7,244.7,245.7
"Joc Pederson
AZ - OF",317,OF88,330.5,2%,237.8,237.8,251,249.1,249.1,263
"Kyle Finnegan
WSH - P",318,P120,248.5,78%,224.4,224.4,228.8,227.9,227.9,231.3
"Michael Conforto
SF - OF",319,OF89,329.6,-,-,-,-,-,-,-
"Kyle Manzardo
CLE - 1B",320,1B40,276.5,-,-,-,-,-,-,-
"Yo√°n Moncada
CWS - 3B",321,3B33,360.3,-,-,-,-,-,-,-
"Whit Merrifield
PHI - 2B,OF",322,2B33,235,53%,229.9,229.9,228,236.6,236.6,235
"Brett Baty
NYM - 3B",323,3B34,373,2%,232.4,232.4,237.9,242.7,242.7,237.8
"Max Scherzer
TEX - SP",324,SP86,349.7,63%,230.4,230.4,237.2,235.8,235.8,243.1
"Jon Gray
TEX - SP",325,SP87,303.8,6%,248.1,248.1,249.7,254.4,254.4,251
"Harold Ram√≠rez
TB - OF",326,OF91,290.3,5%,237.8,237.8,232.4,251.9,251.9,261.2
"Luis Garc√≠a
WSH - 2B",327,2B34,412,-,-,-,-,-,-,-
"Seth Lugo
KC - SP",328,SP88,313.7,3%,247.9,247.9,251.7,254.2,254.2,252.5
"Prelander Berroa
CWS - P",329,P124,314,3%,247.4,247.4,250.1,251.1,251.1,251.7
"Rowdy Tellez
PIT - 1B",330,1B41,386.3,-,-,-,-,-,-,-
"Jordan Westburg
BAL - 2B,3B",331,2B35,294.2,29%,245.4,245.4,246.9,252.7,252.7,252.3
"Brandon Woodruff
MIL - SP",332,SP89,-,-,-,-,-,-,-,-
"Ryan O'Hearn
BAL - 1B,OF",333,1B42,373,2%,239.3,239.3,-,240.1,240.1,-
"Brendan Rodgers
COL - 2B",334,2B36,341.8,-,-,-,-,-,-,-
"Alex Kirilloff
MIN - 1B,OF",335,1B43,280.4,5%,244.5,244.5,249.8,251.9,251.9,247.7
"JP Sears
OAK - SP",336,SP90,301,3%,253.1,253.1,255.8,258.9,258.9,256.8
"Danny Jansen
TOR - C",337,C20,315,8%,231.2,231.2,243.8,255.2,255.2,257
"A.J. Puk
MIA - P",338,P127,356,15%,241.9,241.9,241,246.2,246.2,241.1
"Michael Wacha
KC - SP",339,SP91,244.3,56%,234.8,234.8,236,242.7,242.7,243.5
"Logan Allen
CLE - SP",340,SP92,268.8,4%,251.1,251.1,251.9,258.1,258.1,257.8
"Ram√≥n Laureano
CLE - OF",341,OF94,491,-,-,-,-,-,-,-
"Mark Canha
DET - 1B,OF",342,1B44,288.5,3%,239.1,239.1,-,246.3,246.3,-
"Brandon Marsh
PHI - OF",343,OF96,360.7,-,-,-,-,-,-,-
"Jake Cronenworth
SD - 1B,2B",344,2B37,334.2,5%,243.8,243.8,242.6,259.3,259.3,259.3
"Brenton Doyle
COL - OF",345,OF97,322.8,-,-,-,-,-,-,-
"Austin Meadows
DET - OF",346,OF98,-,-,-,-,-,-,-,-
"Hunter Renfroe
KC - 1B,OF",347,1B46,258,15%,247.6,247.6,249.5,254.9,254.9,253
"Tyler Wells
BAL - SP",348,SP93,383.5,9%,244.3,244.3,248.4,251.6,251.6,255.6
"Matt Wallner
MIN - OF",349,OF100,279.8,2%,245.8,245.8,-,251.6,251.6,-
"Elias D√≠az
COL - C",350,C21,307,14%,246,246,246.5,251.5,251.5,250.9
"Shea Langeliers
OAK - C",351,C22,338,4%,244.5,244.5,247.1,254.2,254.2,256.5
"Luis Matos
SF - OF",352,OF101,317.7,-,-,-,-,-,-,-
"Matt Brash
SEA - P",353,P131,327,8%,245.4,245.4,246.8,249.8,249.8,253.1
"Lance Lynn
STL - SP",354,SP94,279.3,38%,242,242,242.6,248.7,248.7,251
"Alek Manoah
TOR - SP",355,SP95,357.3,26%,239.8,239.8,245.5,248.9,248.9,252.1
"Bryan Abreu
HOU - P",356,P134,374.5,20%,237.2,237.2,240.3,247.2,247.2,248.8
"Kyle Bradish
BAL - SP",357,SP96,293,75%,177.6,177.6,229.3,197,197,236.6
"Ceddanne Rafaela
BOS - SS,OF",358,SS33,202.7,47%,230.5,230.5,242.8,235.7,235.7,243.2
"Yennier Cano
BAL - P",359,P136,309,31%,236.3,236.3,243.2,243.4,243.4,249.1
"Nolan Schanuel
LAA - 1B",360,1B47,421.7,2%,241.9,241.9,240.1,254.4,254.4,247.2
"Garrett Whitlock
BOS - SP",361,SP97,392.7,4%,242,242,247.8,253.3,253.3,258.2
"Luis Severino
NYM - SP",362,SP98,377,10%,245.2,245.2,244.1,253,253,249.3
"Garrett Mitchell
MIL - OF",363,OF103,298,2%,248.1,248.1,240.4,255.4,255.4,253.3
"Alejandro Kirk
TOR - C",364,C23,371.3,6%,229.6,229.6,233.1,253.9,253.9,260.7
"Aroldis Chapman
PIT - P",365,P139,343.5,46%,229.9,229.9,235.2,242.6,242.6,247.2
"Orlando Arcia
ATL - SS",366,SS34,372.5,6%,231.3,231.3,228.6,252.5,252.5,253.7
"Ranger Su√°rez
PHI - SP",367,SP99,301,8%,242.3,242.3,242.1,253,253,249.9
"Adam Duvall
BOS - OF",368,OF104,244,-,-,-,-,-,-,-
"Connor Phillips
CIN - SP",369,SP100,502,-,-,-,-,-,-,-
"Brice Turang
MIL - 2B,SS",370,SS35,297.8,5%,244.6,244.6,242.7,253.6,253.6,240.8
"John Means
BAL - SP",371,SP101,379.3,24%,236.2,236.2,243.4,248,248,248.5
"Daniel Bard
COL - P",372,P143,-,-,-,-,-,-,-,-
"Gavin Stone
LAD - SP",373,SP102,331,-,-,-,248,-,-,254.3
"Paul Skenes
PIT - SP",374,SP103,-,17%,238.8,238.8,239.4,246.9,246.9,248.5
"Max Meyer
MIA - SP",375,SP104,311,2%,248.7,248.7,-,258.1,258.1,-
"Ryan Jeffers
MIN - C",376,C24,331.3,8%,246.5,246.5,246.4,255.4,255.4,249.6
"Elehuris Montero
COL - 1B,3B",377,3B36,284,3%,245.1,245.1,241.7,259.8,259.8,252
"Wilmer Flores
SF - 1B,3B",378,3B37,327,5%,239.5,239.5,238.9,252.8,252.8,254.5
"Amed Rosario
TB - 2B,SS",379,SS36,271.5,12%,244.1,244.1,246,254.1,254.1,251
"Jake McCarthy
AZ - OF",380,OF105,-,2%,243.3,243.3,-,245.5,245.5,-
"Jesse Winker
WSH - OF",381,OF106,-,-,-,-,-,-,-,-
"Colton Cowser
BAL - OF",382,OF107,457,-,-,-,-,-,-,-
"Clayton Kershaw
LAD - SP",383,SP105,418.5,41%,233.3,233.3,244.1,243.7,243.7,249.9
"LaMonte Wade
SF - 1B,OF",384,1B50,424.5,-,-,-,-,-,-,-
"Jameson Taillon
CHC - SP",385,SP106,291,3%,250.2,250.2,250.7,258.2,258.2,262.9
"C.J. Cron
BOS - 1B",386,1B51,263,-,-,-,-,-,-,-
"Austin Wells
NYY - C",387,C25,361,6%,231.7,231.7,238.9,244.9,244.9,261.8
"Willi Castro
MIN - 2B,3B,OF",388,3B38,384,10%,238.2,238.2,242.9,240.6,240.6,246.6
"Steven Matz
STL - SP",389,SP107,304,-,-,-,-,-,-,-
"Davis Schneider
TOR - 2B",390,2B41,340.7,-,-,-,-,-,-,-
"David Robertson
TEX - P",391,P150,362.7,23%,240.3,240.3,242.5,248.3,248.3,246.5
"Chris Taylor
LAD - 3B,SS,OF",392,SS37,325,10%,237.9,237.9,236.1,254.4,254.4,253.2
"F√©lix Bautista
BAL - P",393,P151,-,3%,217.2,217.2,215,207.5,207.5,189
"Shohei Ohtani (Pitcher)
LAD - SP",394,SP108,-,10%,195.5,195.5,197.5,224,224,219.8
"Brusdar Graterol
LAD - P",395,P153,429.5,15%,239.7,239.7,241.7,248.8,248.8,244.5
"Hector Neris
CHC - P",396,P154,303.5,28%,237.2,237.2,241.3,248.6,248.6,247.8
"Colin Poche
TB - P",397,P155,369.5,3%,244.7,244.7,246.4,261.7,261.7,276
"Tyler Holton
DET - P",398,P156,-,-,-,-,-,-,-,-
"Matt Strahm
PHI - SP",399,SP109,391,10%,237.4,237.4,240.2,250.3,250.3,245.2
"Kevin Ginkel
AZ - P",400,P158,399,2%,236.6,236.6,248.7,252.1,252.1,256.1
"Jason Adam
TB - P",401,P159,357,30%,239.6,239.6,241.1,245.8,245.8,246.9
"Wander Franco
TB - SS",402,SS38,-,-,-,-,-,-,-,-
"Julio Ur√≠as
LAD - SP",403,SP110,-,-,-,-,-,-,-,-
"Chris Martin
BOS - P",404,P161,434.5,4%,238.1,238.1,242.6,248.6,248.6,257.2
"Joel Payamps
MIL - P",405,P162,316,3%,246,246,247.5,253.8,253.8,247.7
"Erik Swanson
TOR - P",406,P163,436.5,-,-,-,-,-,-,-
"Jeff Hoffman
PHI - P",407,P164,378.5,-,-,-,-,-,-,-
"Emilio Pag√°n
CIN - P",408,P165,422.5,-,-,-,-,-,-,-
"Hoby Milner
MIL - P",409,P166,-,-,-,-,-,-,-,-
"Wade Miley
MIL - SP",410,SP111,359,3%,239.8,239.8,240.4,257,257,250.7
"Drew Rasmussen
TB - SP",411,SP112,-,-,-,-,-,-,-,-
"Carlos Santana
MIN - 1B",412,1B52,281.5,3%,240.3,240.3,244.2,247.7,247.7,259
"Jeffrey Springs
TB - SP",413,SP113,-,2%,241.4,241.4,-,260.3,260.3,-
"Jacob deGrom
TEX - SP",414,SP114,437.5,59%,210.9,210.9,219.7,228.3,228.3,229.1
"Sandy Alcantara
MIA - SP",415,SP115,-,2%,230.1,230.1,-,239.4,239.4,-
"A.J. Minter
ATL - P",416,P172,348.5,8%,238.4,238.4,239.4,252,252,248.9
"Matt Moore
LAA - P",417,P173,400,-,-,-,-,-,-,-
"Shawn Armstrong
TB - SP",418,SP116,-,-,-,-,-,-,-,-
"Andrew Nardi
MIA - P",419,P175,292.5,5%,245.7,245.7,246.5,253.4,253.4,257.8
"Tim Mayza
TOR - P",420,P176,433.5,-,-,-,-,-,-,-
"Shelby Miller
DET - P",421,P177,-,-,-,-,-,-,-,-
"Ryan Borucki
PIT - P",422,P178,-,-,-,-,-,-,-,-
"Kevin Kelly
TB - P",423,P179,419.5,-,-,-,-,-,-,-
"Kirby Yates
TEX - P",424,P180,-,-,-,-,-,-,-,-
"Adam Ottavino
NYM - P",425,P181,332,3%,238.6,238.6,244.7,257,257,237.3
"Nick Sandlin
CLE - P",426,P182,-,-,-,-,-,-,-,-
"Lucas Sims
CIN - P",427,P183,-,-,-,-,-,-,-,-
"Justin Topa
MIN - P",428,P184,-,-,-,-,-,-,-,-
"Tom Cosgrove
SD - P",429,P185,450,3%,238.4,238.4,247.1,245.1,245.1,249.3
"Griffin Jax
MIN - P",430,P186,393,-,-,-,-,-,-,-
"Danny Coulombe
BAL - P",431,P187,-,-,-,-,-,-,-,-
"Enyel De Los Santos
SD - P",432,P188,-,-,-,-,-,-,-,-
"Dustin May
LAD - SP",433,SP117,-,2%,242.2,242.2,-,259.4,259.4,-
"Reynaldo L√≥pez
ATL - P",434,P190,415.5,2%,239.2,239.2,246.7,252.5,252.5,255.8
"Taylor Rogers
SF - P",435,P191,476,-,-,-,-,-,-,-
"Wandy Peralta
SD - P",436,P192,456,-,-,-,-,-,-,-
"Bowden Francis
TOR - P",437,P193,510,-,-,-,-,-,-,-
"Bryse Wilson
MIL - P",438,P194,-,-,-,-,-,-,-,-
"Phil Maton
TB - P",439,P195,-,-,-,-,-,-,-,-
"Matt Manning
DET - SP",440,SP118,507,-,-,-,-,-,-,-
"Jason Foley
DET - P",441,P197,490,-,-,-,-,-,-,-
"Tony Gonsolin
LAD - SP",442,SP119,-,-,-,-,-,-,-,-
"Brock Stewart
MIN - P",443,P199,-,-,-,-,-,-,-,-
"Kendall Graveman
HOU - P",444,P200,-,-,-,-,-,-,-,-
"Randal Grichuk
AZ - OF",445,OF111,472,-,-,-,-,-,-,-
"Dauri Moreta
PIT - P",446,P201,-,-,-,-,-,-,-,-
"Michael Tonkin
NYM - P",447,P202,-,-,-,-,-,-,-,-
"Tyler Rogers
SF - P",448,P203,464,-,-,-,-,-,-,-
"Jay Jackson
MIN - P",449,P204,-,-,-,-,-,-,-,-
"Javier Assad
CHC - SP",450,SP120,398,5%,248.7,248.7,249.1,262.1,262.1,264.7
"Caleb Thielbar
MIN - P",451,P206,449,-,-,-,-,-,-,-
"Eddie Rosario
WSH - OF",452,OF112,392,-,-,-,-,-,-,-
"Jon Berti
MIA - 2B,3B,SS,OF",453,SS39,374.3,14%,242.5,242.5,244.1,245.1,245.1,245.7
"Nick Martinez
CIN - SP",454,SP121,394.5,-,-,-,241.8,-,-,239.6
"Trevor Stephan
CLE - P",455,P208,397,-,-,-,-,-,-,-
"Ian Gibaut
CIN - P",456,P209,-,-,-,-,-,-,-,-
"Ian Hamilton
NYY - P",457,P210,-,-,-,-,-,-,-,-
"Ryan Brasier
LAD - P",458,P211,-,-,-,-,-,-,-,-
"Mike Clevinger
CWS - SP",459,SP122,407,-,-,-,-,-,-,-
"Giovanny Gallegos
STL - P",460,P213,-,-,-,-,-,-,-,-
"Liam Hendriks
BOS - P",461,P214,-,-,-,-,-,-,-,-
"Scott Barlow
CLE - P",462,P215,404.5,-,-,-,-,-,-,-
"Miguel Castro
AZ - P",463,P216,-,-,-,-,-,-,-,-
"Mark Leiter
CHC - P",464,P217,482.5,-,-,-,-,-,-,-
"Brooks Raley
NYM - P",465,P218,-,-,-,-,-,-,-,-
"Will Vest
DET - P",466,P219,-,-,-,-,-,-,-,-
"Nick Anderson
KC - P",467,P220,-,-,-,-,-,-,-,-
"Tommy Kahnle
NYY - P",468,P221,-,-,-,-,-,-,-,-
"Brock Burke
TEX - P",469,P222,-,-,-,-,-,-,-,-
"JoJo Romero
STL - P",470,P223,-,-,-,-,-,-,-,-
"Joe Jim√©nez
ATL - P",471,P224,-,-,-,-,-,-,-,-
"Bryce Elder
ATL - SP",472,SP123,242.5,21%,246.1,246.1,244.7,251.1,251.1,251.6
"Caleb Ferguson
NYY - SP",473,SP124,416.5,-,-,-,-,-,-,-
"Gabe Speier
SEA - P",474,P227,-,-,-,-,-,-,-,-
"Mike Baumann
BAL - P",475,P228,-,-,-,-,-,-,-,-
"Kyle Nelson
AZ - P",476,P229,-,-,-,-,-,-,-,-
"Jordan Hicks
SF - P",477,P230,384.5,6%,244.9,244.9,242.1,252.2,252.2,245.1
"Gregory Soto
PHI - P",478,P231,-,-,-,-,-,-,-,-
"Penn Murfee
ATL - P",479,P232,-,-,-,-,-,-,-,-
"J.D. Davis
SF - 1B,3B",480,3B41,488,-,-,-,-,-,-,-
"Mauricio Dub√≥n
HOU - 2B,SS,OF",481,SS40,-,2%,237.1,237.1,234.1,252.5,252.5,235.7
"Jhony Brito
SD - SP",482,SP125,305.5,-,-,-,248.1,-,-,259.9
"Isaiah Campbell
BOS - P",483,P234,-,-,-,-,-,-,-,-
"Dean Kremer
BAL - SP",484,SP126,304.5,6%,244.4,244.4,247.7,247,247,258
"Sam Moll
CIN - P",485,P236,-,-,-,-,-,-,-,-
"Abner Uribe
MIL - P",486,P237,373.5,-,-,-,-,-,-,-
"Yimi Garc√≠a
TOR - P",487,P238,472.5,-,-,-,-,-,-,-
"Joe Boyle
OAK - SP",488,SP127,516,-,-,-,-,-,-,-
"Jorge Mateo
BAL - SS",489,SS41,-,-,-,-,-,-,-,-
"Julian Merryweather
CHC - P",490,P240,-,-,-,-,-,-,-,-
"Andrew McCutchen
PIT - OF",491,OF115,322,2%,229.8,229.8,234.7,249.7,249.7,262.7
"Dane Dunning
TEX - SP",492,SP128,293.5,6%,246.3,246.3,247.7,252.8,252.8,259.7
"Seranthony Dom√≠nguez
PHI - P",493,P242,479.5,5%,237.4,237.4,240.1,247.9,247.9,252.8
"Carmen Mlodzinski
PIT - P",494,P243,-,-,-,-,-,-,-,-
"Kody Funderburk
MIN - P",495,P244,-,-,-,-,-,-,-,-
"Jordan Weems
WSH - P",496,P245,-,-,-,-,-,-,-,-
"Taijuan Walker
PHI - SP",497,SP129,190,32%,230.3,230.3,238.9,240.2,240.2,242.8
"Angel Perdomo
ATL - P",498,P247,-,-,-,-,-,-,-,-
"Ron Marinaccio
NYY - P",499,P248,-,-,-,-,-,-,-,-
"Buck Farmer
CIN - P",500,P249,-,-,-,-,-,-,-,-
"Bryan Baker
BAL - P",501,P250,-,-,-,-,-,-,-,-
"Ryan Walker
SF - SP",502,SP130,-,-,-,-,-,-,-,-
"Chris Devenski
TB - P",503,P252,-,-,-,-,-,-,-,-
"James Karinchak
CLE - P",504,P253,-,-,-,-,-,-,-,-
"Adam Frazier
KC - 2B,OF",505,2B44,-,-,-,-,-,-,-,-
"Miguel D√≠az
DET - P",506,P254,-,-,-,-,-,-,-,-
"Luis Garcia
HOU - SP",507,SP131,-,-,-,-,-,-,-,-
"Chris Stratton
KC - P",508,P256,408,-,-,-,-,-,-,-
"John Brebbia
CWS - SP",509,SP132,-,-,-,-,-,-,-,-
"Ryan Thompson
AZ - P",510,P258,-,-,-,-,-,-,-,-
"Keynan Middleton
STL - P",511,P259,-,-,-,-,-,-,-,-
"Sam Hentges
CLE - P",512,P260,-,-,-,-,-,-,-,-
"Ryne Stanek
SEA - P",513,P261,-,-,-,-,-,-,-,-
"Ezequiel Duran
TEX - 3B,SS,OF",514,3B42,361,4%,243.6,243.6,242,259.2,259.2,255.5
"Andrew Kittredge
STL - P",515,P262,372.5,6%,241.5,241.5,247.2,250.5,250.5,253.7
"Luke Jackson
SF - P",516,P263,-,-,-,-,-,-,-,-
"Elvis Peguero
MIL - P",517,P264,-,-,-,-,-,-,-,-
"Steven Wilson
SD - P",518,P265,-,-,-,-,-,-,-,-
"Andrew Wantz
LAA - P",519,P266,-,-,-,-,-,-,-,-
"Bryce Jarvis
AZ - P",520,P267,-,-,-,-,-,-,-,-
"Justin Lawrence
COL - P",521,P268,454,5%,252.3,252.3,250.2,258.6,258.6,258.6
"Joey Lucchesi
NYM - SP",522,SP133,440.5,-,-,-,-,-,-,-
"Kyle Hendricks
CHC - SP",523,SP134,435.5,-,-,-,-,-,-,-
"John Schreiber
KC - P",524,P271,426.5,-,-,-,-,-,-,-
"Trent Thornton
SEA - P",525,P272,-,-,-,-,-,-,-,-
"Victor Gonz√°lez
NYY - P",526,P273,-,-,-,-,-,-,-,-
"Brent Suter
CIN - P",527,P274,474,-,-,-,-,-,-,-
"Daniel Palencia
CHC - P",528,P275,-,-,-,-,-,-,-,-
"Gregory Santos
SEA - P",529,P276,462,-,-,-,-,-,-,-
"Dany Jim√©nez
OAK - P",530,P277,508,-,-,-,-,-,-,-
"James McArthur
KC - P",531,P278,289.5,39%,232.9,232.9,236.1,238.7,238.7,239.2
"Sawyer Gipson-Long
DET - SP",532,SP135,328,-,-,-,-,-,-,-
"Steven Okert
MIN - P",533,P280,-,-,-,-,-,-,-,-
"DL Hall
MIL - P",534,P281,214,10%,245.8,245.8,245.5,251.8,251.8,251.4
"Eli Morgan
CLE - P",535,P282,-,-,-,-,-,-,-,-
"Tyler Mahle
TEX - SP",536,SP136,-,-,-,-,-,-,-,-
"Andrew Heaney
TEX - SP",537,SP137,299.5,3%,244.5,244.5,240.3,259.2,259.2,268.5
"J.P. Feyereisen
LAD - P",538,P285,-,-,-,-,-,-,-,-
"Garrett Cleavinger
TB - P",539,P286,-,-,-,-,-,-,-,-
"Jos√© Quintana
NYM - SP",540,SP138,341,2%,240.2,240.2,244.1,253.2,253.2,241.5
"Randy V√°squez
SD - SP",541,SP139,514,-,-,-,-,-,-,-
"Nick Ramirez
NYY - P",542,P289,-,-,-,-,-,-,-,-
"Zach Jackson
OAK - P",543,P290,-,-,-,-,-,-,-,-
"Brennan Bernardino
BOS - SP",544,SP140,-,-,-,-,-,-,-,-
"Drey Jameson
AZ - P",545,P292,-,-,-,-,-,-,-,-
"Geraldo Perdomo
AZ - 2B,3B,SS",546,SS43,446.5,3%,239.6,239.6,241.9,250.9,250.9,264.2
"Peter Strzelecki
AZ - P",547,P293,-,-,-,-,-,-,-,-
"J.P. France
HOU - SP",548,SP141,252.5,-,-,-,-,-,-,-
"Robert Garcia
WSH - P",549,P295,-,-,-,-,-,-,-,-
"Ty Adcock
SEA - P",550,P296,-,-,-,-,-,-,-,-
"Tristan Beck
SF - P",551,P297,-,-,-,-,-,-,-,-
"Cionel P√©rez
BAL - P",552,P298,475,-,-,-,-,-,-,-
"Scott Alexander
OAK - SP",553,SP142,-,-,-,-,-,-,-,-
"Joe Mantiply
AZ - P",554,P300,-,-,-,-,-,-,-,-
"Dylan Lee
ATL - P",555,P301,-,-,-,-,-,-,-,-
"Dillon Tate
BAL - P",556,P302,-,-,-,-,-,-,-,-
"Andrew Chafin
DET - P",557,P303,461,-,-,-,-,-,-,-
"Josh Sborz
TEX - P",558,P304,-,-,-,-,-,-,-,-
"Zack Weiss
MIN - P",559,P305,-,-,-,-,-,-,-,-
"Pierce Johnson
ATL - P",560,P306,-,-,-,-,-,-,-,-
"Alex Vesia
LAD - P",561,P307,-,-,-,-,-,-,-,-
"Jake Latz
TEX - P",562,P308,-,-,-,-,-,-,-,-
"Colin Rea
MIL - SP",563,SP143,494,-,-,-,-,-,-,-
"Nate Pearson
TOR - P",564,P310,-,-,-,-,-,-,-,-
"Andrew Saalfrank
AZ - P",565,P311,-,-,-,-,-,-,-,-
"Jimmy Herget
LAA - P",566,P312,-,-,-,-,-,-,-,-
"JT Chargois
MIA - SP",567,SP144,-,-,-,-,-,-,-,-
"Drew Smith
NYM - P",568,P314,-,-,-,-,-,-,-,-
"Kyle Farmer
MIN - 2B,3B,SS",569,SS44,-,-,-,-,-,-,-,-
"Matt Vierling
DET - 3B,OF",570,3B45,-,-,-,-,-,-,-,-
"Chad Green
TOR - P",571,P315,-,-,-,-,-,-,-,-
"Jakob Junis
MIL - SP",572,SP145,-,-,-,-,-,-,-,-
"Pedro Avila
SD - SP",573,SP146,-,-,-,-,-,-,-,-
"Joe Kelly
LAD - P",574,P318,-,-,-,-,-,-,-,-
"Ryan Yarbrough
LAD - SP",575,SP147,-,-,-,-,-,-,-,-
"Scott McGough
AZ - P",576,P320,-,-,-,-,-,-,-,-
"Scott Effross
NYY - P",577,P321,-,-,-,-,-,-,-,-
"Jonathan Lo√°isiga
NYY - P",578,P322,-,-,-,-,-,-,-,-
"John McMillon
KC - P",579,P323,-,-,-,-,-,-,-,-
"Adam Kolarek
LAA - P",580,P324,-,-,-,-,-,-,-,-
"Keaton Winn
SF - SP",581,SP148,375.5,-,-,-,-,-,-,-
"Patrick Wisdom
CHC - 1B,3B,OF",582,3B46,325,7%,244.8,244.8,246.7,250.9,250.9,246.7
"Alex Young
CIN - P",583,P326,-,-,-,-,-,-,-,-
"Zack Littell
TB - SP",584,SP149,346.5,-,-,-,-,-,-,-
"Jordan Wicks
CHC - SP",585,SP150,437.5,-,-,-,-,-,-,-
"Alek Jacob
SD - P",586,P329,-,-,-,-,-,-,-,-
"Davis Daniel
LAA - P",587,P330,-,-,-,-,-,-,-,-
"Lance McCullers
HOU - SP",588,SP151,-,-,-,-,-,-,-,-
"Luke Little
CHC - P",589,P332,-,-,-,-,-,-,-,-
"Darius Vines
ATL - P",590,P333,-,-,-,-,-,-,-,-
"Alex Cobb
SF - SP",591,SP152,451,-,-,-,-,-,-,-
"Tejay Antone
CIN - P",592,P335,-,-,-,-,-,-,-,-
"Thyago Vieira
MIL - P",593,P336,-,-,-,-,-,-,-,-
"Tayler Saucedo
SEA - P",594,P337,-,-,-,-,-,-,-,-
"Chase Silseth
LAA - SP",595,SP153,326,-,-,-,-,-,-,-
"Josh Rojas
SEA - 2B,3B",596,2B47,-,2%,235,235,-,240.5,240.5,-
"Kyle Hurt
LAD - P",597,P339,-,-,-,-,-,-,-,-
"Jos√© Soriano
LAA - P",598,P340,-,-,-,-,-,-,-,-
"Jacob Webb
BAL - P",599,P341,-,-,-,-,-,-,-,-
"Tanner Rainey
WSH - P",600,P342,-,-,-,-,-,-,-,-
"AJ Smith-Shawver
ATL - SP",601,SP154,-,3%,236.4,236.4,245.2,248.6,248.6,260.7
"Corey Knebel
CWS - P",602,P344,-,-,-,-,-,-,-,-
"Kevin Kiermaier
TOR - OF",603,OF120,495,-,-,-,-,-,-,-
"Yoendrys G√≥mez
NYY - P",604,P345,-,-,-,-,-,-,-,-
"Fernando Cruz
CIN - P",605,P346,-,-,-,-,-,-,-,-
"Matt Gage
LAD - P",606,P347,-,-,-,-,-,-,-,-
"Nick Vespi
BAL - P",607,P348,-,-,-,-,-,-,-,-
"Daniel Duarte
MIN - P",608,P349,-,-,-,-,-,-,-,-
"J.B. Bukauskas
MIL - P",609,P350,-,-,-,-,-,-,-,-
"Angel Felipe
OAK - P",610,P351,-,-,-,-,-,-,-,-
"Keegan Thompson
CHC - P",611,P352,-,-,-,-,-,-,-,-
"Grant Hartwig
NYM - P",612,P353,-,-,-,-,-,-,-,-
"Jos√© Quijada
LAA - P",613,P354,-,-,-,-,-,-,-,-
"Beau Brieske
DET - P",614,P355,-,-,-,-,-,-,-,-
"Michael Kelly
OAK - P",615,P356,-,-,-,-,-,-,-,-
"Anthony Bender
MIA - P",616,P357,-,-,-,-,-,-,-,-
"Blake Treinen
LAD - P",617,P358,-,-,-,-,-,-,-,-
"Tyler Matzek
ATL - P",618,P359,-,-,-,-,-,-,-,-
"Huascar Brazoban
MIA - P",619,P360,-,-,-,-,-,-,-,-
"Manuel Rodr√≠guez
TB - P",620,P361,-,-,-,-,-,-,-,-
"Alex Faedo
DET - SP",621,SP155,-,-,-,-,-,-,-,-
"Josh Winckowski
BOS - P",622,P363,477,-,-,-,-,-,-,-
"Trevor Megill
MIL - P",623,P364,-,-,-,-,-,-,-,-
"Zack Thompson
STL - SP",624,SP156,-,-,-,-,-,-,-,-
"Angel Zerpa
KC - P",625,P366,-,-,-,-,-,-,-,-
"Jacob Lopez
TB - P",626,P367,-,-,-,-,-,-,-,-
"Deivi Garc√≠a
CWS - P",627,P368,-,-,-,-,-,-,-,-
"Austin Warren
SF - P",628,P369,-,-,-,-,-,-,-,-
"Nick Nelson
PHI - P",629,P370,-,-,-,-,-,-,-,-
"Yan Gomes
CHC - C",630,C26,-,-,-,-,-,-,-,-
"Ray Kerr
ATL - P",631,P371,-,-,-,-,-,-,-,-
"Eduard Bazardo
SEA - P",632,P372,-,-,-,-,-,-,-,-
"Mike Yastrzemski
SF - OF",633,OF121,480,-,-,-,-,-,-,-
"Guillermo Zu√±iga
LAA - P",634,P373,-,-,-,-,-,-,-,-
"Robbie Ray
SF - SP",635,SP157,-,3%,253.2,253.2,257.4,264.4,264.4,264
"Max Kranick
NYM - SP",636,SP158,-,-,-,-,-,-,-,-
"Hagen Danner
TOR - P",637,P376,-,-,-,-,-,-,-,-
"Frankie Montas
CIN - P",638,P377,455,-,-,-,-,-,-,-
"Connor Brogdon
PHI - P",639,P378,-,-,-,-,-,-,-,-
"Sean Reid-Foley
NYM - P",640,P379,-,-,-,-,-,-,-,-
"Zach Pop
TOR - P",641,P380,-,-,-,-,-,-,-,-
"Tanner Banks
CWS - P",642,P381,-,-,-,-,-,-,-,-
"G√©nesis Cabrera
TOR - P",643,P382,-,-,-,-,-,-,-,-
"Colin Holderman
PIT - P",644,P383,-,-,-,-,-,-,-,-
"Anthony Veneziano
KC - P",645,P384,-,-,-,-,-,-,-,-
"Jairo Iriarte
SD - SP",646,SP159,-,-,-,-,-,-,-,-
"Tommy McCollum
PHI - P",647,P386,-,-,-,-,-,-,-,-
"Andrew Lindsey
TB - P",648,P387,-,-,-,-,-,-,-,-
"Mason Black
SF - SP",649,SP160,-,-,-,-,-,-,-,-
"Nick Nastrini
CWS - SP",650,SP161,-,-,-,-,-,-,-,-
"Will Dion
CLE - SP",651,SP162,-,-,-,-,-,-,-,-
"Brody McCullough
CHC - SP",652,SP163,-,-,-,-,-,-,-,-
"Dylan Ray
AZ - SP",653,SP164,-,-,-,-,-,-,-,-
"Juaron Watts-Brown
TOR - P",654,P393,-,-,-,-,-,-,-,-
"Luis Perales
BOS - SP",655,SP165,-,-,-,-,-,-,-,-
"Cole Miller
OAK - P",656,P395,-,-,-,-,-,-,-,-
"Luinder Avila
KC - SP",657,SP166,-,-,-,-,-,-,-,-
"Jeter Martinez
SEA - SP",658,SP167,-,-,-,-,-,-,-,-
"Cade Smith
CLE - P",659,P398,-,-,-,-,-,-,-,-
"C.J. Culpepper
MIN - SP",660,SP168,-,-,-,-,-,-,-,-
"Carson Seymour
SF - SP",661,SP169,-,-,-,-,-,-,-,-
"Caden Dana
LAA - SP",662,SP170,-,-,-,-,-,-,-,-
"Blake Wolters
KC - P",663,P402,-,-,-,-,-,-,-,-
"Bryan Mata
BOS - SP",664,SP171,-,-,-,-,-,-,-,-
"Alex McFarlane
PHI - SP",665,SP172,-,-,-,-,-,-,-,-
"Juan Mejia
COL - P",666,P405,-,-,-,-,-,-,-,-
"Colby White
TB - P",667,P406,-,-,-,-,-,-,-,-
"Kohl Franklin
CHC - SP",668,SP173,-,-,-,-,-,-,-,-
"Brant Hurter
DET - SP",669,SP174,-,-,-,-,-,-,-,-
"Trace Bright
BAL - SP",670,SP175,-,-,-,-,-,-,-,-
"Ricardo Yan
AZ - SP",671,SP176,-,-,-,-,-,-,-,-
"Alimber Santa
HOU - SP",672,SP177,-,-,-,-,-,-,-,-
"Garrett Baumann
ATL - P",673,P412,-,-,-,-,-,-,-,-
"Landen Maroudis
TOR - P",674,P413,-,-,-,-,-,-,-,-
"Jaden Hill
COL - SP",675,SP178,-,-,-,-,-,-,-,-
"Alejandro Hidalgo
LAA - P",676,P415,-,-,-,-,-,-,-,-
"Adam Maier
ATL - P",677,P416,-,-,-,-,-,-,-,-
"Micah Ottenbreit
PHI - SP",678,SP179,-,-,-,-,-,-,-,-
"Justin Slaten
BOS - P",679,P418,-,-,-,-,-,-,-,-
"Hayden Juenger
TOR - SP",680,SP180,-,-,-,-,-,-,-,-
"Spencer Schwellenbach
ATL - SP",681,SP181,-,-,-,-,-,-,-,-
"Shane Drohan
CWS - SP",682,SP182,-,-,-,-,-,-,-,-
"Tekoah Roby
STL - SP",683,SP183,-,-,-,-,-,-,-,-
"Emiliano Teodo
TEX - SP",684,SP184,-,-,-,-,-,-,-,-
"Cole Winn
TEX - SP",685,SP185,-,-,-,-,-,-,-,-
"Maddux Bruns
LAD - SP",686,SP186,-,-,-,-,-,-,-,-
"Brock Porter
TEX - SP",687,SP187,-,-,-,-,-,-,-,-
"Andrew Morris
MIN - SP",688,SP188,-,-,-,-,-,-,-,-
"Kyle Carr
NYY - P",689,P428,-,-,-,-,-,-,-,-
"Jesus Tillero
LAD - SP",690,SP189,-,-,-,-,-,-,-,-
"Brandon Barriera
TOR - SP",691,SP190,-,-,-,-,-,-,-,-
"Gerelmi Maldonado
SF - SP",692,SP191,-,-,-,-,-,-,-,-
"Michael Arias
CHC - SP",693,SP192,-,-,-,-,-,-,-,-
"Cole Phillips
SEA - SP",694,SP193,-,-,-,-,-,-,-,-
"Max Rajcic
STL - SP",695,SP194,-,-,-,-,-,-,-,-
"Paul Wilson
DET - P",696,P435,-,-,-,-,-,-,-,-
"Raimon Gomez
NYM - P",697,P436,-,-,-,-,-,-,-,-
"Nick Frasso
LAD - SP",698,SP195,-,-,-,-,-,-,-,-
"Justin Lange
SD - SP",699,SP196,-,-,-,-,-,-,-,-
"Cristian Mena
AZ - SP",700,SP197,-,-,-,-,-,-,-,-
"Drue Hackenberg
ATL - P",701,P440,-,-,-,-,-,-,-,-
"Gabriel Hughes
COL - SP",702,SP198,-,-,-,-,-,-,-,-
"Isaiah Coupet
COL - P",703,P442,-,-,-,-,-,-,-,-
"Will Warren
NYY - SP",704,SP199,-,-,-,-,-,-,-,-
"Ike Buxton
MIA - SP",705,SP200,-,-,-,-,-,-,-,-
"Jared Jones
PIT - SP",706,SP201,-,-,-,-,-,-,-,-
"Mitchell Parker
WSH - SP",707,SP202,-,-,-,-,-,-,-,-
"Dylan Lesko
SD - SP",708,SP203,-,-,-,-,-,-,-,-
"Misael Tamarez
HOU - SP",709,SP204,-,-,-,-,-,-,-,-
"Evan Fitterer
MIA - SP",710,SP205,-,-,-,-,-,-,-,-
"Chandler Champlain
KC - SP",711,SP206,-,-,-,-,-,-,-,-
"Blake Dickerson
DET - P",712,P451,-,-,-,-,-,-,-,-
"Yu-Min Lin
AZ - SP",713,SP207,-,-,-,-,-,-,-,-
"Sem Robberse
STL - SP",714,SP208,-,-,-,-,-,-,-,-
"Brady Basso
OAK - SP",715,SP209,-,-,-,-,-,-,-,-
"Marc Church
TEX - P",716,P455,-,-,-,-,-,-,-,-
"Logan Henderson
MIL - SP",717,SP210,-,-,-,-,-,-,-,-
"Mitch Spence
OAK - SP",718,SP211,-,-,-,-,-,-,-,-
"Eric Adler
CWS - P",719,P458,-,-,-,-,-,-,-,-
"Josh Knoth
MIL - P",720,P459,-,-,-,-,-,-,-,-
"Taylor Dollard
SEA - SP",721,SP212,-,-,-,-,-,-,-,-
"Jorge Marcheco
LAA - SP",722,SP213,-,-,-,-,-,-,-,-
"Camden Minacci
LAA - P",723,P462,-,-,-,-,-,-,-,-
"Po-Yu Chen
PIT - SP",724,SP214,-,-,-,-,-,-,-,-
"Grant Taylor
CWS - P",725,P464,-,-,-,-,-,-,-,-
"Gordon Graceffo
STL - SP",726,SP215,-,-,-,-,-,-,-,-
"Mick Abel
PHI - SP",727,SP216,-,-,-,-,-,-,-,-
"Ashton Izzi
SEA - SP",728,SP217,-,-,-,-,-,-,-,-
"Seth Keller
ATL - P",729,P468,-,-,-,-,-,-,-,-
"Luis Rodriguez
NYM - SP",730,SP218,-,-,-,-,-,-,-,-
"Kendry Rojas
TOR - SP",731,SP219,-,-,-,-,-,-,-,-
"Calvin Ziegler
NYM - SP",732,SP220,-,-,-,-,-,-,-,-
"Wilmer Flores
DET - SP",733,SP221,-,-,-,-,-,-,-,-
"Michael Knorr
HOU - SP",734,SP222,-,-,-,-,-,-,-,-
"Mason Albright
COL - SP",735,SP223,-,-,-,-,-,-,-,-
"Jackson Jobe
DET - SP",736,SP224,-,-,-,-,-,-,-,-
"Edwin Nunez
STL - P",737,P476,-,-,-,-,-,-,-,-
"Alonzo Tredwell
HOU - P",738,P477,-,-,-,-,-,-,-,-
"Matthew Thompson
CHC - SP",739,SP225,-,-,-,-,-,-,-,-
"Blake Walston
AZ - SP",740,SP226,-,-,-,-,-,-,-,-
"Trevor McDonald
SF - SP",741,SP227,-,-,-,-,-,-,-,-
"Keider Montero
DET - SP",742,SP228,-,-,-,-,-,-,-,-
"Cade Horton
CHC - SP",743,SP229,-,-,-,-,-,-,-,-
"Tanner Hall
MIN - P",744,P483,-,-,-,-,-,-,-,-
"Dahian Santos
TOR - SP",745,SP230,-,-,-,-,-,-,-,-
"Cade Povich
BAL - SP",746,SP231,-,-,-,-,-,-,-,-
"Ian Bedell
STL - SP",747,SP232,-,-,-,-,-,-,-,-
"Zander Mueth
PIT - P",748,P487,-,-,-,-,-,-,-,-
"Danny Watson
NYY - P",749,P488,-,-,-,-,-,-,-,-
"Zach Showalter
STL - SP",750,SP233,-,-,-,-,-,-,-,-